<?xml version="1.0" encoding="UTF-8"?>
<metadata xml:lang="en"><Esri><CreaDate>20220512</CreaDate><CreaTime>12240300</CreaTime><ArcGISFormat>1.0</ArcGISFormat><SyncOnce>TRUE</SyncOnce><DataProperties><lineage><Process ToolSource="c:\program files (x86)\arcgis\desktop10.7\ArcToolbox\Toolboxes\Data Management Tools.tbx\CreateFishnet" Date="20220511" Time="232424">CreateFishnet D:\CrimeResearch\POI_agglomeration\Output_example\fishnet_800m.shp "408750.266116622 118546.415225463" "408750.266116622 118556.415225463" 100 100 8 8 # LABELS # POLYGON</Process></lineage></DataProperties></Esri></metadata>
